{
  "scriptFile": "__init__.py",
  "bindings": [
    {
      "name": "mytimer",
      "type": "timerTrigger",
      "direction": "in",
      "schedule": "0 */30 * * * *"
    },
    {
      "name": "checkpoint",
      "type": "blob",
      "dataType": "string",
      "path": "siem-checkpoints/checkpoint.txt",
      "direction": "in"
    },
    {
      "name": "$return",
      "type": "blob",
      "path": "siem-checkpoints/checkpoint.txt",
      "direction": "out"
    }
  ]
}